metric,fiscal_year,unit,reported_value,calculated_yoy,yoy_formula_and_inputs,source_document,filing_date,direct_link,section
Revenue net of interest expense,2020,USD m,36087,N/A,No comparable input,2021 Form 10-K,2022-02-11,https://www.sec.gov/Archives/edgar/data/4962/000000496222000008/axp-20211231.htm,Consolidated Statements of Income
Revenue net of interest expense,2021,USD m,42380,17.44%,(42380/36087-1)*100,2022 Form 10-K,2023-02-10,https://www.sec.gov/Archives/edgar/data/4962/000000496223000006/axp-20221231.htm,Consolidated Statements of Income
Revenue net of interest expense,2022,USD m,52862,24.73%,(52862/42380-1)*100,2022 Form 10-K,2023-02-10,https://www.sec.gov/Archives/edgar/data/4962/000000496223000006/axp-20221231.htm,Consolidated Statements of Income
Revenue net of interest expense,2023,USD m,60515,14.48%,(60515/52862-1)*100,2025 Form 10-K,2026-02-06,https://www.sec.gov/Archives/edgar/data/4962/000000496226000080/axp-20251231.htm,Consolidated Statements of Income
Revenue net of interest expense,2024,USD m,65949,8.98%,(65949/60515-1)*100,2025 Form 10-K,2026-02-06,https://www.sec.gov/Archives/edgar/data/4962/000000496226000080/axp-20251231.htm,Consolidated Statements of Income
Revenue net of interest expense,2025,USD m,72229,9.52%,(72229/65949-1)*100,2025 Form 10-K,2026-02-06,https://www.sec.gov/Archives/edgar/data/4962/000000496226000080/axp-20251231.htm,Consolidated Statements of Income
Non-interest revenue,2020,USD m,28102,N/A,No comparable input,2022 Form 10-K,2023-02-10,https://www.sec.gov/Archives/edgar/data/4962/000000496223000006/axp-20221231.htm,Consolidated Statements of Income; presentation recast
Non-interest revenue,2021,USD m,34630,23.23%,(34630/28102-1)*100,2022 Form 10-K,2023-02-10,https://www.sec.gov/Archives/edgar/data/4962/000000496223000006/axp-20221231.htm,Consolidated Statements of Income; presentation recast
Non-interest revenue,2022,USD m,42967,24.07%,(42967/34630-1)*100,2022 Form 10-K,2023-02-10,https://www.sec.gov/Archives/edgar/data/4962/000000496223000006/axp-20221231.htm,Consolidated Statements of Income; presentation recast
Non-interest revenue,2023,USD m,47381,10.27%,(47381/42967-1)*100,2025 Form 10-K,2026-02-06,https://www.sec.gov/Archives/edgar/data/4962/000000496226000080/axp-20251231.htm,Consolidated Statements of Income; presentation recast
Non-interest revenue,2024,USD m,50406,6.38%,(50406/47381-1)*100,2025 Form 10-K,2026-02-06,https://www.sec.gov/Archives/edgar/data/4962/000000496226000080/axp-20251231.htm,Consolidated Statements of Income; presentation recast
Non-interest revenue,2025,USD m,54865,8.85%,(54865/50406-1)*100,2025 Form 10-K,2026-02-06,https://www.sec.gov/Archives/edgar/data/4962/000000496226000080/axp-20251231.htm,Consolidated Statements of Income; presentation recast
Net interest income,2020,USD m,7985,N/A,No comparable input,2021 Form 10-K,2022-02-11,https://www.sec.gov/Archives/edgar/data/4962/000000496222000008/axp-20211231.htm,Consolidated Statements of Income
Net interest income,2021,USD m,7750,-2.94%,(7750/7985-1)*100,2022 Form 10-K,2023-02-10,https://www.sec.gov/Archives/edgar/data/4962/000000496223000006/axp-20221231.htm,Consolidated Statements of Income
Net interest income,2022,USD m,9895,27.68%,(9895/7750-1)*100,2022 Form 10-K,2023-02-10,https://www.sec.gov/Archives/edgar/data/4962/000000496223000006/axp-20221231.htm,Consolidated Statements of Income
Net interest income,2023,USD m,13134,32.73%,(13134/9895-1)*100,2025 Form 10-K,2026-02-06,https://www.sec.gov/Archives/edgar/data/4962/000000496226000080/axp-20251231.htm,Consolidated Statements of Income
Net interest income,2024,USD m,15543,18.34%,(15543/13134-1)*100,2025 Form 10-K,2026-02-06,https://www.sec.gov/Archives/edgar/data/4962/000000496226000080/axp-20251231.htm,Consolidated Statements of Income
Net interest income,2025,USD m,17364,11.72%,(17364/15543-1)*100,2025 Form 10-K,2026-02-06,https://www.sec.gov/Archives/edgar/data/4962/000000496226000080/axp-20251231.htm,Consolidated Statements of Income
Provision for credit losses,2020,USD m,4730,N/A,No comparable input,2021 Form 10-K,2022-02-11,https://www.sec.gov/Archives/edgar/data/4962/000000496222000008/axp-20211231.htm,Consolidated Statements of Income
Provision for credit losses,2021,USD m,-1419,"NM; change -6,149",-1419 - (4730); percent growth not meaningful,2022 Form 10-K,2023-02-10,https://www.sec.gov/Archives/edgar/data/4962/000000496223000006/axp-20221231.htm,Consolidated Statements of Income
Provision for credit losses,2022,USD m,2182,"NM; change 3,601",2182 - (-1419); percent growth not meaningful,2022 Form 10-K,2023-02-10,https://www.sec.gov/Archives/edgar/data/4962/000000496223000006/axp-20221231.htm,Consolidated Statements of Income
Provision for credit losses,2023,USD m,4923,125.62%,(4923/2182-1)*100,2025 Form 10-K,2026-02-06,https://www.sec.gov/Archives/edgar/data/4962/000000496226000080/axp-20251231.htm,Consolidated Statements of Income
Provision for credit losses,2024,USD m,5185,5.32%,(5185/4923-1)*100,2025 Form 10-K,2026-02-06,https://www.sec.gov/Archives/edgar/data/4962/000000496226000080/axp-20251231.htm,Consolidated Statements of Income
Provision for credit losses,2025,USD m,5256,1.37%,(5256/5185-1)*100,2025 Form 10-K,2026-02-06,https://www.sec.gov/Archives/edgar/data/4962/000000496226000080/axp-20251231.htm,Consolidated Statements of Income
Total expenses,2020,USD m,27061,N/A,No comparable input,2021 Form 10-K,2022-02-11,https://www.sec.gov/Archives/edgar/data/4962/000000496222000008/axp-20211231.htm,Consolidated Statements of Income
Total expenses,2021,USD m,33110,22.35%,(33110/27061-1)*100,2022 Form 10-K,2023-02-10,https://www.sec.gov/Archives/edgar/data/4962/000000496223000006/axp-20221231.htm,Consolidated Statements of Income
Total expenses,2022,USD m,41095,24.12%,(41095/33110-1)*100,2022 Form 10-K,2023-02-10,https://www.sec.gov/Archives/edgar/data/4962/000000496223000006/axp-20221231.htm,Consolidated Statements of Income
Total expenses,2023,USD m,45079,9.69%,(45079/41095-1)*100,2025 Form 10-K,2026-02-06,https://www.sec.gov/Archives/edgar/data/4962/000000496226000080/axp-20251231.htm,Consolidated Statements of Income
Total expenses,2024,USD m,47869,6.19%,(47869/45079-1)*100,2025 Form 10-K,2026-02-06,https://www.sec.gov/Archives/edgar/data/4962/000000496226000080/axp-20251231.htm,Consolidated Statements of Income
Total expenses,2025,USD m,53178,11.09%,(53178/47869-1)*100,2025 Form 10-K,2026-02-06,https://www.sec.gov/Archives/edgar/data/4962/000000496226000080/axp-20251231.htm,Consolidated Statements of Income
Pretax income,2020,USD m,4296,N/A,No comparable input,2021 Form 10-K,2022-02-11,https://www.sec.gov/Archives/edgar/data/4962/000000496222000008/axp-20211231.htm,Consolidated Statements of Income
Pretax income,2021,USD m,10689,148.81%,(10689/4296-1)*100,2022 Form 10-K,2023-02-10,https://www.sec.gov/Archives/edgar/data/4962/000000496223000006/axp-20221231.htm,Consolidated Statements of Income
Pretax income,2022,USD m,9585,-10.33%,(9585/10689-1)*100,2022 Form 10-K,2023-02-10,https://www.sec.gov/Archives/edgar/data/4962/000000496223000006/axp-20221231.htm,Consolidated Statements of Income
Pretax income,2023,USD m,10513,9.68%,(10513/9585-1)*100,2025 Form 10-K,2026-02-06,https://www.sec.gov/Archives/edgar/data/4962/000000496226000080/axp-20251231.htm,Consolidated Statements of Income
Pretax income,2024,USD m,12895,22.66%,(12895/10513-1)*100,2025 Form 10-K,2026-02-06,https://www.sec.gov/Archives/edgar/data/4962/000000496226000080/axp-20251231.htm,Consolidated Statements of Income
Pretax income,2025,USD m,13795,6.98%,(13795/12895-1)*100,2025 Form 10-K,2026-02-06,https://www.sec.gov/Archives/edgar/data/4962/000000496226000080/axp-20251231.htm,Consolidated Statements of Income
Income taxes,2020,USD m,1161,N/A,No comparable input,2021 Form 10-K,2022-02-11,https://www.sec.gov/Archives/edgar/data/4962/000000496222000008/axp-20211231.htm,Consolidated Statements of Income
Income taxes,2021,USD m,2629,126.44%,(2629/1161-1)*100,2022 Form 10-K,2023-02-10,https://www.sec.gov/Archives/edgar/data/4962/000000496223000006/axp-20221231.htm,Consolidated Statements of Income
Income taxes,2022,USD m,2071,-21.22%,(2071/2629-1)*100,2022 Form 10-K,2023-02-10,https://www.sec.gov/Archives/edgar/data/4962/000000496223000006/axp-20221231.htm,Consolidated Statements of Income
Income taxes,2023,USD m,2139,3.28%,(2139/2071-1)*100,2025 Form 10-K,2026-02-06,https://www.sec.gov/Archives/edgar/data/4962/000000496226000080/axp-20251231.htm,Consolidated Statements of Income
Income taxes,2024,USD m,2766,29.31%,(2766/2139-1)*100,2025 Form 10-K,2026-02-06,https://www.sec.gov/Archives/edgar/data/4962/000000496226000080/axp-20251231.htm,Consolidated Statements of Income
Income taxes,2025,USD m,2962,7.09%,(2962/2766-1)*100,2025 Form 10-K,2026-02-06,https://www.sec.gov/Archives/edgar/data/4962/000000496226000080/axp-20251231.htm,Consolidated Statements of Income
Net income,2020,USD m,3135,N/A,No comparable input,2021 Form 10-K,2022-02-11,https://www.sec.gov/Archives/edgar/data/4962/000000496222000008/axp-20211231.htm,Consolidated Statements of Income
Net income,2021,USD m,8060,157.10%,(8060/3135-1)*100,2022 Form 10-K,2023-02-10,https://www.sec.gov/Archives/edgar/data/4962/000000496223000006/axp-20221231.htm,Consolidated Statements of Income
Net income,2022,USD m,7514,-6.77%,(7514/8060-1)*100,2022 Form 10-K,2023-02-10,https://www.sec.gov/Archives/edgar/data/4962/000000496223000006/axp-20221231.htm,Consolidated Statements of Income
Net income,2023,USD m,8374,11.45%,(8374/7514-1)*100,2025 Form 10-K,2026-02-06,https://www.sec.gov/Archives/edgar/data/4962/000000496226000080/axp-20251231.htm,Consolidated Statements of Income
Net income,2024,USD m,10129,20.96%,(10129/8374-1)*100,2025 Form 10-K,2026-02-06,https://www.sec.gov/Archives/edgar/data/4962/000000496226000080/axp-20251231.htm,Consolidated Statements of Income
Net income,2025,USD m,10833,6.95%,(10833/10129-1)*100,2025 Form 10-K,2026-02-06,https://www.sec.gov/Archives/edgar/data/4962/000000496226000080/axp-20251231.htm,Consolidated Statements of Income
Diluted EPS,2020,USD/share,3.77,N/A,No comparable input,2021 Form 10-K,2022-02-11,https://www.sec.gov/Archives/edgar/data/4962/000000496222000008/axp-20211231.htm,Consolidated Statements of Income
Diluted EPS,2021,USD/share,10.02,165.78%,(10.02/3.77-1)*100,2022 Form 10-K,2023-02-10,https://www.sec.gov/Archives/edgar/data/4962/000000496223000006/axp-20221231.htm,Consolidated Statements of Income
Diluted EPS,2022,USD/share,9.85,-1.70%,(9.85/10.02-1)*100,2022 Form 10-K,2023-02-10,https://www.sec.gov/Archives/edgar/data/4962/000000496223000006/axp-20221231.htm,Consolidated Statements of Income
Diluted EPS,2023,USD/share,11.21,13.81%,(11.21/9.85-1)*100,2025 Form 10-K,2026-02-06,https://www.sec.gov/Archives/edgar/data/4962/000000496226000080/axp-20251231.htm,Consolidated Statements of Income
Diluted EPS,2024,USD/share,14.01,24.98%,(14.01/11.21-1)*100,2025 Form 10-K,2026-02-06,https://www.sec.gov/Archives/edgar/data/4962/000000496226000080/axp-20251231.htm,Consolidated Statements of Income
Diluted EPS,2025,USD/share,15.38,9.78%,(15.38/14.01-1)*100,2025 Form 10-K,2026-02-06,https://www.sec.gov/Archives/edgar/data/4962/000000496226000080/axp-20251231.htm,Consolidated Statements of Income
Diluted average shares,2020,million shares,806,N/A,No comparable input,2021 Form 10-K,2022-02-11,https://www.sec.gov/Archives/edgar/data/4962/000000496222000008/axp-20211231.htm,Consolidated Statements of Income / EPS note
Diluted average shares,2021,million shares,790,-1.99%,(790/806-1)*100,2022 Form 10-K,2023-02-10,https://www.sec.gov/Archives/edgar/data/4962/000000496223000006/axp-20221231.htm,Consolidated Statements of Income / EPS note
Diluted average shares,2022,million shares,752,-4.81%,(752/790-1)*100,2022 Form 10-K,2023-02-10,https://www.sec.gov/Archives/edgar/data/4962/000000496223000006/axp-20221231.htm,Consolidated Statements of Income / EPS note
Diluted average shares,2023,million shares,736,-2.13%,(736/752-1)*100,2025 Form 10-K,2026-02-06,https://www.sec.gov/Archives/edgar/data/4962/000000496226000080/axp-20251231.htm,Consolidated Statements of Income / EPS note
Diluted average shares,2024,million shares,713,-3.12%,(713/736-1)*100,2025 Form 10-K,2026-02-06,https://www.sec.gov/Archives/edgar/data/4962/000000496226000080/axp-20251231.htm,Consolidated Statements of Income / EPS note
Diluted average shares,2025,million shares,696,-2.38%,(696/713-1)*100,2025 Form 10-K,2026-02-06,https://www.sec.gov/Archives/edgar/data/4962/000000496226000080/axp-20251231.htm,Consolidated Statements of Income / EPS note
Common dividends declared per share,2020,USD/share,1.72,N/A,No comparable input,2021 Form 10-K,2022-02-11,https://www.sec.gov/Archives/edgar/data/4962/000000496222000008/axp-20211231.htm,Consolidated Statements of Shareholders' Equity
Common dividends declared per share,2021,USD/share,1.72,0.00%,(1.72/1.72-1)*100,2022 Form 10-K,2023-02-10,https://www.sec.gov/Archives/edgar/data/4962/000000496223000006/axp-20221231.htm,Consolidated Statements of Shareholders' Equity
Common dividends declared per share,2022,USD/share,2.08,20.93%,(2.08/1.72-1)*100,2022 Form 10-K,2023-02-10,https://www.sec.gov/Archives/edgar/data/4962/000000496223000006/axp-20221231.htm,Consolidated Statements of Shareholders' Equity
Common dividends declared per share,2023,USD/share,2.4,15.38%,(2.4/2.08-1)*100,2025 Form 10-K,2026-02-06,https://www.sec.gov/Archives/edgar/data/4962/000000496226000080/axp-20251231.htm,Consolidated Statements of Shareholders' Equity
Common dividends declared per share,2024,USD/share,2.8,16.67%,(2.8/2.4-1)*100,2025 Form 10-K,2026-02-06,https://www.sec.gov/Archives/edgar/data/4962/000000496226000080/axp-20251231.htm,Consolidated Statements of Shareholders' Equity
Common dividends declared per share,2025,USD/share,3.28,17.14%,(3.28/2.8-1)*100,2025 Form 10-K,2026-02-06,https://www.sec.gov/Archives/edgar/data/4962/000000496226000080/axp-20251231.htm,Consolidated Statements of Shareholders' Equity
Reported ROE,2020,%,14.2,N/A,No comparable input,2021 Form 10-K,2022-02-11,https://www.sec.gov/Archives/edgar/data/4962/000000496222000008/axp-20211231.htm,"MD&A, Summary of Financial Performance"
Reported ROE,2021,%,33.7,+19.50 pp,33.7 - 14.2 percentage points,2022 Form 10-K,2023-02-10,https://www.sec.gov/Archives/edgar/data/4962/000000496223000006/axp-20221231.htm,"MD&A, Summary of Financial Performance"
Reported ROE,2022,%,32.3,-1.40 pp,32.3 - 33.7 percentage points,2022 Form 10-K,2023-02-10,https://www.sec.gov/Archives/edgar/data/4962/000000496223000006/axp-20221231.htm,"MD&A, Summary of Financial Performance"
Reported ROE,2023,%,31.5,-0.80 pp,31.5 - 32.3 percentage points,2025 Form 10-K,2026-02-06,https://www.sec.gov/Archives/edgar/data/4962/000000496226000080/axp-20251231.htm,"MD&A, Summary of Financial Performance"
Reported ROE,2024,%,34.6,+3.10 pp,34.6 - 31.5 percentage points,2025 Form 10-K,2026-02-06,https://www.sec.gov/Archives/edgar/data/4962/000000496226000080/axp-20251231.htm,"MD&A, Summary of Financial Performance"
Reported ROE,2025,%,33.9,-0.70 pp,33.9 - 34.6 percentage points,2025 Form 10-K,2026-02-06,https://www.sec.gov/Archives/edgar/data/4962/000000496226000080/axp-20251231.htm,"MD&A, Summary of Financial Performance"
Effective tax rate,2020,%,27.0,N/A,No comparable input,2021 Form 10-K,2022-02-11,https://www.sec.gov/Archives/edgar/data/4962/000000496222000008/axp-20211231.htm,"MD&A, Summary of Financial Performance"
Effective tax rate,2021,%,24.6,-2.40 pp,24.6 - 27.0 percentage points,2022 Form 10-K,2023-02-10,https://www.sec.gov/Archives/edgar/data/4962/000000496223000006/axp-20221231.htm,"MD&A, Summary of Financial Performance"
Effective tax rate,2022,%,21.6,-3.00 pp,21.6 - 24.6 percentage points,2022 Form 10-K,2023-02-10,https://www.sec.gov/Archives/edgar/data/4962/000000496223000006/axp-20221231.htm,"MD&A, Summary of Financial Performance"
Effective tax rate,2023,%,20.3,-1.30 pp,20.3 - 21.6 percentage points,2025 Form 10-K,2026-02-06,https://www.sec.gov/Archives/edgar/data/4962/000000496226000080/axp-20251231.htm,"MD&A, Summary of Financial Performance"
Effective tax rate,2024,%,21.5,+1.20 pp,21.5 - 20.3 percentage points,2025 Form 10-K,2026-02-06,https://www.sec.gov/Archives/edgar/data/4962/000000496226000080/axp-20251231.htm,"MD&A, Summary of Financial Performance"
Effective tax rate,2025,%,21.5,+0.00 pp,21.5 - 21.5 percentage points,2025 Form 10-K,2026-02-06,https://www.sec.gov/Archives/edgar/data/4962/000000496226000080/axp-20251231.htm,"MD&A, Summary of Financial Performance"
CET1 ratio,2020,%,13.5,N/A,No comparable input,2021 Form 10-K,2022-02-11,https://www.sec.gov/Archives/edgar/data/4962/000000496222000008/axp-20211231.htm,"MD&A, Capital Management / Regulatory Matters"
CET1 ratio,2021,%,10.5,-3.00 pp,10.5 - 13.5 percentage points,2022 Form 10-K,2023-02-10,https://www.sec.gov/Archives/edgar/data/4962/000000496223000006/axp-20221231.htm,"MD&A, Capital Management / Regulatory Matters"
CET1 ratio,2022,%,10.3,-0.20 pp,10.3 - 10.5 percentage points,2022 Form 10-K,2023-02-10,https://www.sec.gov/Archives/edgar/data/4962/000000496223000006/axp-20221231.htm,"MD&A, Capital Management / Regulatory Matters"
CET1 ratio,2023,%,10.5,+0.20 pp,10.5 - 10.3 percentage points,2025 Form 10-K,2026-02-06,https://www.sec.gov/Archives/edgar/data/4962/000000496226000080/axp-20251231.htm,"MD&A, Capital Management / Regulatory Matters"
CET1 ratio,2024,%,10.5,+0.00 pp,10.5 - 10.5 percentage points,2025 Form 10-K,2026-02-06,https://www.sec.gov/Archives/edgar/data/4962/000000496226000080/axp-20251231.htm,"MD&A, Capital Management / Regulatory Matters"
CET1 ratio,2025,%,10.5,+0.00 pp,10.5 - 10.5 percentage points,2025 Form 10-K,2026-02-06,https://www.sec.gov/Archives/edgar/data/4962/000000496226000080/axp-20251231.htm,"MD&A, Capital Management / Regulatory Matters"
Cash and cash equivalents,2020,USD m,32965,N/A,No comparable input,2021 Form 10-K,2022-02-11,https://www.sec.gov/Archives/edgar/data/4962/000000496222000008/axp-20211231.htm,Consolidated Balance Sheets
Cash and cash equivalents,2021,USD m,22028,-33.18%,(22028/32965-1)*100,2022 Form 10-K,2023-02-10,https://www.sec.gov/Archives/edgar/data/4962/000000496223000006/axp-20221231.htm,Consolidated Balance Sheets
Cash and cash equivalents,2022,USD m,33914,53.96%,(33914/22028-1)*100,2022 Form 10-K,2023-02-10,https://www.sec.gov/Archives/edgar/data/4962/000000496223000006/axp-20221231.htm,Consolidated Balance Sheets
Cash and cash equivalents,2023,USD m,46596,37.39%,(46596/33914-1)*100,2025 Form 10-K,2026-02-06,https://www.sec.gov/Archives/edgar/data/4962/000000496226000080/axp-20251231.htm,Consolidated Balance Sheets
Cash and cash equivalents,2024,USD m,40640,-12.78%,(40640/46596-1)*100,2025 Form 10-K,2026-02-06,https://www.sec.gov/Archives/edgar/data/4962/000000496226000080/axp-20251231.htm,Consolidated Balance Sheets
Cash and cash equivalents,2025,USD m,47792,17.60%,(47792/40640-1)*100,2025 Form 10-K,2026-02-06,https://www.sec.gov/Archives/edgar/data/4962/000000496226000080/axp-20251231.htm,Consolidated Balance Sheets
Customer deposits,2020,USD m,86875,N/A,No comparable input,2021 Form 10-K,2022-02-11,https://www.sec.gov/Archives/edgar/data/4962/000000496222000008/axp-20211231.htm,Consolidated Balance Sheets
Customer deposits,2021,USD m,84382,-2.87%,(84382/86875-1)*100,2022 Form 10-K,2023-02-10,https://www.sec.gov/Archives/edgar/data/4962/000000496223000006/axp-20221231.htm,Consolidated Balance Sheets
Customer deposits,2022,USD m,110239,30.64%,(110239/84382-1)*100,2022 Form 10-K,2023-02-10,https://www.sec.gov/Archives/edgar/data/4962/000000496223000006/axp-20221231.htm,Consolidated Balance Sheets
Customer deposits,2023,USD m,129144,17.15%,(129144/110239-1)*100,2025 Form 10-K,2026-02-06,https://www.sec.gov/Archives/edgar/data/4962/000000496226000080/axp-20251231.htm,Consolidated Balance Sheets
Customer deposits,2024,USD m,139413,7.95%,(139413/129144-1)*100,2025 Form 10-K,2026-02-06,https://www.sec.gov/Archives/edgar/data/4962/000000496226000080/axp-20251231.htm,Consolidated Balance Sheets
Customer deposits,2025,USD m,152488,9.38%,(152488/139413-1)*100,2025 Form 10-K,2026-02-06,https://www.sec.gov/Archives/edgar/data/4962/000000496226000080/axp-20251231.htm,Consolidated Balance Sheets
Long-term debt,2020,USD m,42952,N/A,No comparable input,2021 Form 10-K,2022-02-11,https://www.sec.gov/Archives/edgar/data/4962/000000496222000008/axp-20211231.htm,Consolidated Balance Sheets
Long-term debt,2021,USD m,38675,-9.96%,(38675/42952-1)*100,2022 Form 10-K,2023-02-10,https://www.sec.gov/Archives/edgar/data/4962/000000496223000006/axp-20221231.htm,Consolidated Balance Sheets
Long-term debt,2022,USD m,42573,10.08%,(42573/38675-1)*100,2022 Form 10-K,2023-02-10,https://www.sec.gov/Archives/edgar/data/4962/000000496223000006/axp-20221231.htm,Consolidated Balance Sheets
Long-term debt,2023,USD m,47866,12.43%,(47866/42573-1)*100,2025 Form 10-K,2026-02-06,https://www.sec.gov/Archives/edgar/data/4962/000000496226000080/axp-20251231.htm,Consolidated Balance Sheets
Long-term debt,2024,USD m,49715,3.86%,(49715/47866-1)*100,2025 Form 10-K,2026-02-06,https://www.sec.gov/Archives/edgar/data/4962/000000496226000080/axp-20251231.htm,Consolidated Balance Sheets
Long-term debt,2025,USD m,56387,13.42%,(56387/49715-1)*100,2025 Form 10-K,2026-02-06,https://www.sec.gov/Archives/edgar/data/4962/000000496226000080/axp-20251231.htm,Consolidated Balance Sheets
Card Member loans gross,2020,USD m,73373,N/A,No comparable input,2021 Form 10-K,2022-02-11,https://www.sec.gov/Archives/edgar/data/4962/000000496222000008/axp-20211231.htm,Consolidated Balance Sheets / Loans note
Card Member loans gross,2021,USD m,88562,20.70%,(88562/73373-1)*100,2022 Form 10-K,2023-02-10,https://www.sec.gov/Archives/edgar/data/4962/000000496223000006/axp-20221231.htm,Consolidated Balance Sheets / Loans note
Card Member loans gross,2022,USD m,107964,21.91%,(107964/88562-1)*100,2022 Form 10-K,2023-02-10,https://www.sec.gov/Archives/edgar/data/4962/000000496223000006/axp-20221231.htm,Consolidated Balance Sheets / Loans note
Card Member loans gross,2023,USD m,125995,16.70%,(125995/107964-1)*100,2025 Form 10-K,2026-02-06,https://www.sec.gov/Archives/edgar/data/4962/000000496226000080/axp-20251231.htm,Consolidated Balance Sheets / Loans note
Card Member loans gross,2024,USD m,139674,10.86%,(139674/125995-1)*100,2025 Form 10-K,2026-02-06,https://www.sec.gov/Archives/edgar/data/4962/000000496226000080/axp-20251231.htm,Consolidated Balance Sheets / Loans note
Card Member loans gross,2025,USD m,151832,8.70%,(151832/139674-1)*100,2025 Form 10-K,2026-02-06,https://www.sec.gov/Archives/edgar/data/4962/000000496226000080/axp-20251231.htm,Consolidated Balance Sheets / Loans note
Card Member receivables gross,2020,USD m,43701,N/A,No comparable input,2021 Form 10-K,2022-02-11,https://www.sec.gov/Archives/edgar/data/4962/000000496222000008/axp-20211231.htm,Consolidated Balance Sheets / Loans note
Card Member receivables gross,2021,USD m,53645,22.75%,(53645/43701-1)*100,2022 Form 10-K,2023-02-10,https://www.sec.gov/Archives/edgar/data/4962/000000496223000006/axp-20221231.htm,Consolidated Balance Sheets / Loans note
Card Member receivables gross,2022,USD m,57613,7.40%,(57613/53645-1)*100,2022 Form 10-K,2023-02-10,https://www.sec.gov/Archives/edgar/data/4962/000000496223000006/axp-20221231.htm,Consolidated Balance Sheets / Loans note
Card Member receivables gross,2023,USD m,60411,4.86%,(60411/57613-1)*100,2025 Form 10-K,2026-02-06,https://www.sec.gov/Archives/edgar/data/4962/000000496226000080/axp-20251231.htm,Consolidated Balance Sheets / Loans note
Card Member receivables gross,2024,USD m,59411,-1.66%,(59411/60411-1)*100,2025 Form 10-K,2026-02-06,https://www.sec.gov/Archives/edgar/data/4962/000000496226000080/axp-20251231.htm,Consolidated Balance Sheets / Loans note
Card Member receivables gross,2025,USD m,62031,4.41%,(62031/59411-1)*100,2025 Form 10-K,2026-02-06,https://www.sec.gov/Archives/edgar/data/4962/000000496226000080/axp-20251231.htm,Consolidated Balance Sheets / Loans note
Total Card Member loans and receivables gross,2020,USD m,117074,N/A,No comparable input,2021 Form 10-K,2022-02-11,https://www.sec.gov/Archives/edgar/data/4962/000000496222000008/axp-20211231.htm,Selected Credit-Related Statistical Information; calculated sum of reported loan and receivable balances
Total Card Member loans and receivables gross,2021,USD m,142207,21.47%,(142207/117074-1)*100,2022 Form 10-K,2023-02-10,https://www.sec.gov/Archives/edgar/data/4962/000000496223000006/axp-20221231.htm,Selected Credit-Related Statistical Information; calculated sum of reported loan and receivable balances
Total Card Member loans and receivables gross,2022,USD m,165577,16.43%,(165577/142207-1)*100,2022 Form 10-K,2023-02-10,https://www.sec.gov/Archives/edgar/data/4962/000000496223000006/axp-20221231.htm,Selected Credit-Related Statistical Information; calculated sum of reported loan and receivable balances
Total Card Member loans and receivables gross,2023,USD m,186406,12.58%,(186406/165577-1)*100,2025 Form 10-K,2026-02-06,https://www.sec.gov/Archives/edgar/data/4962/000000496226000080/axp-20251231.htm,Selected Credit-Related Statistical Information; calculated sum of reported loan and receivable balances
Total Card Member loans and receivables gross,2024,USD m,199085,6.80%,(199085/186406-1)*100,2025 Form 10-K,2026-02-06,https://www.sec.gov/Archives/edgar/data/4962/000000496226000080/axp-20251231.htm,Selected Credit-Related Statistical Information; calculated sum of reported loan and receivable balances
Total Card Member loans and receivables gross,2025,USD m,213863,7.42%,(213863/199085-1)*100,2025 Form 10-K,2026-02-06,https://www.sec.gov/Archives/edgar/data/4962/000000496226000080/axp-20251231.htm,Selected Credit-Related Statistical Information; calculated sum of reported loan and receivable balances
Card loan past due consumer and SME,2020,USD m,Data not found in the reviewed primary sources.,N/A,No comparable input,2021 Form 10-K,2022-02-11,https://www.sec.gov/Archives/edgar/data/4962/000000496222000008/axp-20211231.htm,"Loans and Card Member Receivables Aging; calculated sum of disclosed 30–59, 60–89 and 90+ buckets"
Card loan past due consumer and SME,2021,USD m,597,N/A,No comparable input,2022 Form 10-K,2023-02-10,https://www.sec.gov/Archives/edgar/data/4962/000000496223000006/axp-20221231.htm,"Loans and Card Member Receivables Aging; calculated sum of disclosed 30–59, 60–89 and 90+ buckets"
Card loan past due consumer and SME,2022,USD m,1078,80.57%,(1078/597-1)*100,2022 Form 10-K,2023-02-10,https://www.sec.gov/Archives/edgar/data/4962/000000496223000006/axp-20221231.htm,"Loans and Card Member Receivables Aging; calculated sum of disclosed 30–59, 60–89 and 90+ buckets"
Card loan past due consumer and SME,2023,USD m,1721,59.65%,(1721/1078-1)*100,2025 Form 10-K,2026-02-06,https://www.sec.gov/Archives/edgar/data/4962/000000496226000080/axp-20251231.htm,"Loans and Card Member Receivables Aging; calculated sum of disclosed 30–59, 60–89 and 90+ buckets"
Card loan past due consumer and SME,2024,USD m,1972,14.58%,(1972/1721-1)*100,2025 Form 10-K,2026-02-06,https://www.sec.gov/Archives/edgar/data/4962/000000496226000080/axp-20251231.htm,"Loans and Card Member Receivables Aging; calculated sum of disclosed 30–59, 60–89 and 90+ buckets"
Card loan past due consumer and SME,2025,USD m,2117,7.35%,(2117/1972-1)*100,2025 Form 10-K,2026-02-06,https://www.sec.gov/Archives/edgar/data/4962/000000496226000080/axp-20251231.htm,"Loans and Card Member Receivables Aging; calculated sum of disclosed 30–59, 60–89 and 90+ buckets"
Card receivable past due consumer and SME,2020,USD m,Data not found in the reviewed primary sources.,N/A,No comparable input,2021 Form 10-K,2022-02-11,https://www.sec.gov/Archives/edgar/data/4962/000000496222000008/axp-20211231.htm,"Loans and Card Member Receivables Aging; calculated sum of disclosed 30–59, 60–89 and 90+ buckets"
Card receivable past due consumer and SME,2021,USD m,244,N/A,No comparable input,2022 Form 10-K,2023-02-10,https://www.sec.gov/Archives/edgar/data/4962/000000496223000006/axp-20221231.htm,"Loans and Card Member Receivables Aging; calculated sum of disclosed 30–59, 60–89 and 90+ buckets"
Card receivable past due consumer and SME,2022,USD m,550,125.41%,(550/244-1)*100,2022 Form 10-K,2023-02-10,https://www.sec.gov/Archives/edgar/data/4962/000000496223000006/axp-20221231.htm,"Loans and Card Member Receivables Aging; calculated sum of disclosed 30–59, 60–89 and 90+ buckets"
Card receivable past due consumer and SME,2023,USD m,489,-11.09%,(489/550-1)*100,2025 Form 10-K,2026-02-06,https://www.sec.gov/Archives/edgar/data/4962/000000496226000080/axp-20251231.htm,"Loans and Card Member Receivables Aging; calculated sum of disclosed 30–59, 60–89 and 90+ buckets"
Card receivable past due consumer and SME,2024,USD m,395,-19.22%,(395/489-1)*100,2025 Form 10-K,2026-02-06,https://www.sec.gov/Archives/edgar/data/4962/000000496226000080/axp-20251231.htm,"Loans and Card Member Receivables Aging; calculated sum of disclosed 30–59, 60–89 and 90+ buckets"
Card receivable past due consumer and SME,2025,USD m,418,5.82%,(418/395-1)*100,2025 Form 10-K,2026-02-06,https://www.sec.gov/Archives/edgar/data/4962/000000496226000080/axp-20251231.htm,"Loans and Card Member Receivables Aging; calculated sum of disclosed 30–59, 60–89 and 90+ buckets"
Total assets EOY,2020,USD m,191367,N/A,No comparable input,2021 Form 10-K,2022-02-11,https://www.sec.gov/Archives/edgar/data/4962/000000496222000008/axp-20211231.htm,Consolidated Balance Sheets
Total assets EOY,2021,USD m,188548,-1.47%,(188548/191367-1)*100,2022 Form 10-K,2023-02-10,https://www.sec.gov/Archives/edgar/data/4962/000000496223000006/axp-20221231.htm,Consolidated Balance Sheets
Total assets EOY,2022,USD m,228354,21.11%,(228354/188548-1)*100,2022 Form 10-K,2023-02-10,https://www.sec.gov/Archives/edgar/data/4962/000000496223000006/axp-20221231.htm,Consolidated Balance Sheets
Total assets EOY,2023,USD m,261108,14.34%,(261108/228354-1)*100,2025 Form 10-K,2026-02-06,https://www.sec.gov/Archives/edgar/data/4962/000000496226000080/axp-20251231.htm,Consolidated Balance Sheets
Total assets EOY,2024,USD m,271461,3.97%,(271461/261108-1)*100,2025 Form 10-K,2026-02-06,https://www.sec.gov/Archives/edgar/data/4962/000000496226000080/axp-20251231.htm,Consolidated Balance Sheets
Total assets EOY,2025,USD m,300052,10.53%,(300052/271461-1)*100,2025 Form 10-K,2026-02-06,https://www.sec.gov/Archives/edgar/data/4962/000000496226000080/axp-20251231.htm,Consolidated Balance Sheets
Average total assets,2020,USD m,190079,N/A,No comparable input,2021 Form 10-K,2022-02-11,https://www.sec.gov/Archives/edgar/data/4962/000000496222000008/axp-20211231.htm,Statistical Disclosure / Average Balance Sheet
Average total assets,2021,USD m,189593,-0.26%,(189593/190079-1)*100,2022 Form 10-K,2023-02-10,https://www.sec.gov/Archives/edgar/data/4962/000000496223000006/axp-20221231.htm,Statistical Disclosure / Average Balance Sheet
Average total assets,2022,USD m,205479,8.38%,(205479/189593-1)*100,2022 Form 10-K,2023-02-10,https://www.sec.gov/Archives/edgar/data/4962/000000496223000006/axp-20221231.htm,Statistical Disclosure / Average Balance Sheet
Average total assets,2023,USD m,242417,17.98%,(242417/205479-1)*100,2025 Form 10-K,2026-02-06,https://www.sec.gov/Archives/edgar/data/4962/000000496226000080/axp-20251231.htm,Statistical Disclosure / Average Balance Sheet
Average total assets,2024,USD m,268012,10.56%,(268012/242417-1)*100,2025 Form 10-K,2026-02-06,https://www.sec.gov/Archives/edgar/data/4962/000000496226000080/axp-20251231.htm,Statistical Disclosure / Average Balance Sheet
Average total assets,2025,USD m,291886,8.91%,(291886/268012-1)*100,2025 Form 10-K,2026-02-06,https://www.sec.gov/Archives/edgar/data/4962/000000496226000080/axp-20251231.htm,Statistical Disclosure / Average Balance Sheet
Shareholders' equity EOY,2020,USD m,22984,N/A,No comparable input,2021 Form 10-K,2022-02-11,https://www.sec.gov/Archives/edgar/data/4962/000000496222000008/axp-20211231.htm,Consolidated Balance Sheets
Shareholders' equity EOY,2021,USD m,22177,-3.51%,(22177/22984-1)*100,2022 Form 10-K,2023-02-10,https://www.sec.gov/Archives/edgar/data/4962/000000496223000006/axp-20221231.htm,Consolidated Balance Sheets
Shareholders' equity EOY,2022,USD m,24711,11.43%,(24711/22177-1)*100,2022 Form 10-K,2023-02-10,https://www.sec.gov/Archives/edgar/data/4962/000000496223000006/axp-20221231.htm,Consolidated Balance Sheets
Shareholders' equity EOY,2023,USD m,28057,13.54%,(28057/24711-1)*100,2025 Form 10-K,2026-02-06,https://www.sec.gov/Archives/edgar/data/4962/000000496226000080/axp-20251231.htm,Consolidated Balance Sheets
Shareholders' equity EOY,2024,USD m,30264,7.87%,(30264/28057-1)*100,2025 Form 10-K,2026-02-06,https://www.sec.gov/Archives/edgar/data/4962/000000496226000080/axp-20251231.htm,Consolidated Balance Sheets
Shareholders' equity EOY,2025,USD m,33474,10.61%,(33474/30264-1)*100,2025 Form 10-K,2026-02-06,https://www.sec.gov/Archives/edgar/data/4962/000000496226000080/axp-20251231.htm,Consolidated Balance Sheets
Common shares EOY rounded,2020,million shares,805,N/A,No comparable input,2021 Form 10-K,2022-02-11,https://www.sec.gov/Archives/edgar/data/4962/000000496222000008/axp-20211231.htm,Consolidated Balance Sheets / Shareholders' Equity note
Common shares EOY rounded,2021,million shares,761,-5.47%,(761/805-1)*100,2022 Form 10-K,2023-02-10,https://www.sec.gov/Archives/edgar/data/4962/000000496223000006/axp-20221231.htm,Consolidated Balance Sheets / Shareholders' Equity note
Common shares EOY rounded,2022,million shares,743,-2.37%,(743/761-1)*100,2022 Form 10-K,2023-02-10,https://www.sec.gov/Archives/edgar/data/4962/000000496223000006/axp-20221231.htm,Consolidated Balance Sheets / Shareholders' Equity note
Common shares EOY rounded,2023,million shares,723,-2.69%,(723/743-1)*100,2025 Form 10-K,2026-02-06,https://www.sec.gov/Archives/edgar/data/4962/000000496226000080/axp-20251231.htm,Consolidated Balance Sheets / Shareholders' Equity note
Common shares EOY rounded,2024,million shares,702,-2.90%,(702/723-1)*100,2025 Form 10-K,2026-02-06,https://www.sec.gov/Archives/edgar/data/4962/000000496226000080/axp-20251231.htm,Consolidated Balance Sheets / Shareholders' Equity note
Common shares EOY rounded,2025,million shares,686,-2.28%,(686/702-1)*100,2025 Form 10-K,2026-02-06,https://www.sec.gov/Archives/edgar/data/4962/000000496226000080/axp-20251231.htm,Consolidated Balance Sheets / Shareholders' Equity note
Goodwill,2020,USD m,3852,N/A,No comparable input,2021 Form 10-K,2022-02-11,https://www.sec.gov/Archives/edgar/data/4962/000000496222000008/axp-20211231.htm,Other Assets / Goodwill note
Goodwill,2021,USD m,3804,-1.25%,(3804/3852-1)*100,2022 Form 10-K,2023-02-10,https://www.sec.gov/Archives/edgar/data/4962/000000496223000006/axp-20221231.htm,Other Assets / Goodwill note
Goodwill,2022,USD m,3786,-0.47%,(3786/3804-1)*100,2022 Form 10-K,2023-02-10,https://www.sec.gov/Archives/edgar/data/4962/000000496223000006/axp-20221231.htm,Other Assets / Goodwill note
Goodwill,2023,USD m,3851,1.72%,(3851/3786-1)*100,2025 Form 10-K,2026-02-06,https://www.sec.gov/Archives/edgar/data/4962/000000496226000080/axp-20251231.htm,Other Assets / Goodwill note
Goodwill,2024,USD m,4187,8.73%,(4187/3851-1)*100,2025 Form 10-K,2026-02-06,https://www.sec.gov/Archives/edgar/data/4962/000000496226000080/axp-20251231.htm,Other Assets / Goodwill note
Goodwill,2025,USD m,4872,16.36%,(4872/4187-1)*100,2025 Form 10-K,2026-02-06,https://www.sec.gov/Archives/edgar/data/4962/000000496226000080/axp-20251231.htm,Other Assets / Goodwill note
Amortized intangible assets net,2020,USD m,265,N/A,No comparable input,2021 Form 10-K,2022-02-11,https://www.sec.gov/Archives/edgar/data/4962/000000496222000008/axp-20211231.htm,Other Assets / Goodwill note
Amortized intangible assets net,2021,USD m,201,-24.15%,(201/265-1)*100,2022 Form 10-K,2023-02-10,https://www.sec.gov/Archives/edgar/data/4962/000000496223000006/axp-20221231.htm,Other Assets / Goodwill note
Amortized intangible assets net,2022,USD m,146,-27.36%,(146/201-1)*100,2022 Form 10-K,2023-02-10,https://www.sec.gov/Archives/edgar/data/4962/000000496223000006/axp-20221231.htm,Other Assets / Goodwill note
Amortized intangible assets net,2023,USD m,98,-32.88%,(98/146-1)*100,2025 Form 10-K,2026-02-06,https://www.sec.gov/Archives/edgar/data/4962/000000496226000080/axp-20251231.htm,Other Assets / Goodwill note
Amortized intangible assets net,2024,USD m,123,25.51%,(123/98-1)*100,2025 Form 10-K,2026-02-06,https://www.sec.gov/Archives/edgar/data/4962/000000496226000080/axp-20251231.htm,Other Assets / Goodwill note
Amortized intangible assets net,2025,USD m,90,-26.83%,(90/123-1)*100,2025 Form 10-K,2026-02-06,https://www.sec.gov/Archives/edgar/data/4962/000000496226000080/axp-20251231.htm,Other Assets / Goodwill note
Operating cash flow,2020,USD m,5591,N/A,No comparable input,2021 Form 10-K,2022-02-11,https://www.sec.gov/Archives/edgar/data/4962/000000496222000008/axp-20211231.htm,Consolidated Statements of Cash Flows
Operating cash flow,2021,USD m,14645,161.94%,(14645/5591-1)*100,2022 Form 10-K,2023-02-10,https://www.sec.gov/Archives/edgar/data/4962/000000496223000006/axp-20221231.htm,Consolidated Statements of Cash Flows
Operating cash flow,2022,USD m,21079,43.93%,(21079/14645-1)*100,2022 Form 10-K,2023-02-10,https://www.sec.gov/Archives/edgar/data/4962/000000496223000006/axp-20221231.htm,Consolidated Statements of Cash Flows
Operating cash flow,2023,USD m,18559,-11.96%,(18559/21079-1)*100,2025 Form 10-K,2026-02-06,https://www.sec.gov/Archives/edgar/data/4962/000000496226000080/axp-20251231.htm,Consolidated Statements of Cash Flows
Operating cash flow,2024,USD m,14050,-24.30%,(14050/18559-1)*100,2025 Form 10-K,2026-02-06,https://www.sec.gov/Archives/edgar/data/4962/000000496226000080/axp-20251231.htm,Consolidated Statements of Cash Flows
Operating cash flow,2025,USD m,18428,31.16%,(18428/14050-1)*100,2025 Form 10-K,2026-02-06,https://www.sec.gov/Archives/edgar/data/4962/000000496226000080/axp-20251231.htm,Consolidated Statements of Cash Flows
Purchases premises and equipment net of sales,2020,USD m outflow,1478,N/A,No comparable input,2021 Form 10-K,2022-02-11,https://www.sec.gov/Archives/edgar/data/4962/000000496222000008/axp-20211231.htm,Consolidated Statements of Cash Flows
Purchases premises and equipment net of sales,2021,USD m outflow,1550,4.87%,(1550/1478-1)*100,2022 Form 10-K,2023-02-10,https://www.sec.gov/Archives/edgar/data/4962/000000496223000006/axp-20221231.htm,Consolidated Statements of Cash Flows
Purchases premises and equipment net of sales,2022,USD m outflow,1855,19.68%,(1855/1550-1)*100,2022 Form 10-K,2023-02-10,https://www.sec.gov/Archives/edgar/data/4962/000000496223000006/axp-20221231.htm,Consolidated Statements of Cash Flows
Purchases premises and equipment net of sales,2023,USD m outflow,1563,-15.74%,(1563/1855-1)*100,2025 Form 10-K,2026-02-06,https://www.sec.gov/Archives/edgar/data/4962/000000496226000080/axp-20251231.htm,Consolidated Statements of Cash Flows
Purchases premises and equipment net of sales,2024,USD m outflow,1911,22.26%,(1911/1563-1)*100,2025 Form 10-K,2026-02-06,https://www.sec.gov/Archives/edgar/data/4962/000000496226000080/axp-20251231.htm,Consolidated Statements of Cash Flows
Purchases premises and equipment net of sales,2025,USD m outflow,2425,26.90%,(2425/1911-1)*100,2025 Form 10-K,2026-02-06,https://www.sec.gov/Archives/edgar/data/4962/000000496226000080/axp-20251231.htm,Consolidated Statements of Cash Flows
Cash flow repurchases and other,2020,USD m outflow,1029,N/A,No comparable input,2021 Form 10-K,2022-02-11,https://www.sec.gov/Archives/edgar/data/4962/000000496222000008/axp-20211231.htm,Consolidated Statements of Cash Flows; not pure program repurchases
Cash flow repurchases and other,2021,USD m outflow,7652,643.63%,(7652/1029-1)*100,2022 Form 10-K,2023-02-10,https://www.sec.gov/Archives/edgar/data/4962/000000496223000006/axp-20221231.htm,Consolidated Statements of Cash Flows; not pure program repurchases
Cash flow repurchases and other,2022,USD m outflow,3502,-54.23%,(3502/7652-1)*100,2022 Form 10-K,2023-02-10,https://www.sec.gov/Archives/edgar/data/4962/000000496223000006/axp-20221231.htm,Consolidated Statements of Cash Flows; not pure program repurchases
Cash flow repurchases and other,2023,USD m outflow,3650,4.23%,(3650/3502-1)*100,2025 Form 10-K,2026-02-06,https://www.sec.gov/Archives/edgar/data/4962/000000496226000080/axp-20251231.htm,Consolidated Statements of Cash Flows; not pure program repurchases
Cash flow repurchases and other,2024,USD m outflow,6020,64.93%,(6020/3650-1)*100,2025 Form 10-K,2026-02-06,https://www.sec.gov/Archives/edgar/data/4962/000000496226000080/axp-20251231.htm,Consolidated Statements of Cash Flows; not pure program repurchases
Cash flow repurchases and other,2025,USD m outflow,5814,-3.42%,(5814/6020-1)*100,2025 Form 10-K,2026-02-06,https://www.sec.gov/Archives/edgar/data/4962/000000496226000080/axp-20251231.htm,Consolidated Statements of Cash Flows; not pure program repurchases
Cash flow dividends paid incl preferred,2020,USD m outflow,1474,N/A,No comparable input,2021 Form 10-K,2022-02-11,https://www.sec.gov/Archives/edgar/data/4962/000000496222000008/axp-20211231.htm,Consolidated Statements of Cash Flows
Cash flow dividends paid incl preferred,2021,USD m outflow,1448,-1.76%,(1448/1474-1)*100,2022 Form 10-K,2023-02-10,https://www.sec.gov/Archives/edgar/data/4962/000000496223000006/axp-20221231.htm,Consolidated Statements of Cash Flows
Cash flow dividends paid incl preferred,2022,USD m outflow,1565,8.08%,(1565/1448-1)*100,2022 Form 10-K,2023-02-10,https://www.sec.gov/Archives/edgar/data/4962/000000496223000006/axp-20221231.htm,Consolidated Statements of Cash Flows
Cash flow dividends paid incl preferred,2023,USD m outflow,1780,13.74%,(1780/1565-1)*100,2025 Form 10-K,2026-02-06,https://www.sec.gov/Archives/edgar/data/4962/000000496226000080/axp-20251231.htm,Consolidated Statements of Cash Flows
Cash flow dividends paid incl preferred,2024,USD m outflow,1999,12.30%,(1999/1780-1)*100,2025 Form 10-K,2026-02-06,https://www.sec.gov/Archives/edgar/data/4962/000000496226000080/axp-20251231.htm,Consolidated Statements of Cash Flows
Cash flow dividends paid incl preferred,2025,USD m outflow,2271,13.61%,(2271/1999-1)*100,2025 Form 10-K,2026-02-06,https://www.sec.gov/Archives/edgar/data/4962/000000496226000080/axp-20251231.htm,Consolidated Statements of Cash Flows
Network volumes,2020,USD bn,1037.8,N/A,No comparable input,2021 Form 10-K,2022-02-11,https://www.sec.gov/Archives/edgar/data/4962/000000496222000008/axp-20211231.htm,"MD&A, Selected Statistical Information"
Network volumes,2021,USD bn,1284.2,23.74%,(1284.2/1037.8-1)*100,2022 Form 10-K,2023-02-10,https://www.sec.gov/Archives/edgar/data/4962/000000496223000006/axp-20221231.htm,"MD&A, Selected Statistical Information"
Network volumes,2022,USD bn,1552.8,20.92%,(1552.8/1284.2-1)*100,2022 Form 10-K,2023-02-10,https://www.sec.gov/Archives/edgar/data/4962/000000496223000006/axp-20221231.htm,"MD&A, Selected Statistical Information"
Network volumes,2023,USD bn,1680.1,8.20%,(1680.1/1552.8-1)*100,2025 Form 10-K,2026-02-06,https://www.sec.gov/Archives/edgar/data/4962/000000496226000080/axp-20251231.htm,"MD&A, Selected Statistical Information"
Network volumes,2024,USD bn,1764.8,5.04%,(1764.8/1680.1-1)*100,2025 Form 10-K,2026-02-06,https://www.sec.gov/Archives/edgar/data/4962/000000496226000080/axp-20251231.htm,"MD&A, Selected Statistical Information"
Network volumes,2025,USD bn,1897.0,7.49%,(1897.0/1764.8-1)*100,2025 Form 10-K,2026-02-06,https://www.sec.gov/Archives/edgar/data/4962/000000496226000080/axp-20251231.htm,"MD&A, Selected Statistical Information"
Billed business / proprietary Card Member spending,2020,USD bn,870.7,N/A,No comparable input,2021 Form 10-K,2022-02-11,https://www.sec.gov/Archives/edgar/data/4962/000000496222000008/axp-20211231.htm,"MD&A, Selected Statistical Information"
Billed business / proprietary Card Member spending,2021,USD bn,1089.8,25.16%,(1089.8/870.7-1)*100,2022 Form 10-K,2023-02-10,https://www.sec.gov/Archives/edgar/data/4962/000000496223000006/axp-20221231.htm,"MD&A, Selected Statistical Information"
Billed business / proprietary Card Member spending,2022,USD bn,1338.3,22.80%,(1338.3/1089.8-1)*100,2022 Form 10-K,2023-02-10,https://www.sec.gov/Archives/edgar/data/4962/000000496223000006/axp-20221231.htm,"MD&A, Selected Statistical Information"
Billed business / proprietary Card Member spending,2023,USD bn,1459.6,9.06%,(1459.6/1338.3-1)*100,2025 Form 10-K,2026-02-06,https://www.sec.gov/Archives/edgar/data/4962/000000496226000080/axp-20251231.htm,"MD&A, Selected Statistical Information"
Billed business / proprietary Card Member spending,2024,USD bn,1550.9,6.26%,(1550.9/1459.6-1)*100,2025 Form 10-K,2026-02-06,https://www.sec.gov/Archives/edgar/data/4962/000000496226000080/axp-20251231.htm,"MD&A, Selected Statistical Information"
Billed business / proprietary Card Member spending,2025,USD bn,1669.8,7.67%,(1669.8/1550.9-1)*100,2025 Form 10-K,2026-02-06,https://www.sec.gov/Archives/edgar/data/4962/000000496226000080/axp-20251231.htm,"MD&A, Selected Statistical Information"
Total cards in force,2020,million cards,112.0,N/A,No comparable input,2021 Form 10-K,2022-02-11,https://www.sec.gov/Archives/edgar/data/4962/000000496222000008/axp-20211231.htm,"MD&A, Selected Statistical Information"
Total cards in force,2021,million cards,121.7,8.66%,(121.7/112.0-1)*100,2022 Form 10-K,2023-02-10,https://www.sec.gov/Archives/edgar/data/4962/000000496223000006/axp-20221231.htm,"MD&A, Selected Statistical Information"
Total cards in force,2022,million cards,133.3,9.53%,(133.3/121.7-1)*100,2022 Form 10-K,2023-02-10,https://www.sec.gov/Archives/edgar/data/4962/000000496223000006/axp-20221231.htm,"MD&A, Selected Statistical Information"
Total cards in force,2023,million cards,141.2,5.93%,(141.2/133.3-1)*100,2025 Form 10-K,2026-02-06,https://www.sec.gov/Archives/edgar/data/4962/000000496226000080/axp-20251231.htm,"MD&A, Selected Statistical Information"
Total cards in force,2024,million cards,146.5,3.75%,(146.5/141.2-1)*100,2025 Form 10-K,2026-02-06,https://www.sec.gov/Archives/edgar/data/4962/000000496226000080/axp-20251231.htm,"MD&A, Selected Statistical Information"
Total cards in force,2025,million cards,152.8,4.30%,(152.8/146.5-1)*100,2025 Form 10-K,2026-02-06,https://www.sec.gov/Archives/edgar/data/4962/000000496226000080/axp-20251231.htm,"MD&A, Selected Statistical Information"
Proprietary cards in force,2020,million cards,68.9,N/A,No comparable input,2021 Form 10-K,2022-02-11,https://www.sec.gov/Archives/edgar/data/4962/000000496222000008/axp-20211231.htm,"MD&A, Selected Statistical Information"
Proprietary cards in force,2021,million cards,71.4,3.63%,(71.4/68.9-1)*100,2022 Form 10-K,2023-02-10,https://www.sec.gov/Archives/edgar/data/4962/000000496223000006/axp-20221231.htm,"MD&A, Selected Statistical Information"
Proprietary cards in force,2022,million cards,76.7,7.42%,(76.7/71.4-1)*100,2022 Form 10-K,2023-02-10,https://www.sec.gov/Archives/edgar/data/4962/000000496223000006/axp-20221231.htm,"MD&A, Selected Statistical Information"
Proprietary cards in force,2023,million cards,80.2,4.56%,(80.2/76.7-1)*100,2025 Form 10-K,2026-02-06,https://www.sec.gov/Archives/edgar/data/4962/000000496226000080/axp-20251231.htm,"MD&A, Selected Statistical Information"
Proprietary cards in force,2024,million cards,83.6,4.24%,(83.6/80.2-1)*100,2025 Form 10-K,2026-02-06,https://www.sec.gov/Archives/edgar/data/4962/000000496226000080/axp-20251231.htm,"MD&A, Selected Statistical Information"
Proprietary cards in force,2025,million cards,86.6,3.59%,(86.6/83.6-1)*100,2025 Form 10-K,2026-02-06,https://www.sec.gov/Archives/edgar/data/4962/000000496226000080/axp-20251231.htm,"MD&A, Selected Statistical Information"
Proprietary basic cards in force,2020,million cards,52.7,N/A,No comparable input,2021 Form 10-K,2022-02-11,https://www.sec.gov/Archives/edgar/data/4962/000000496222000008/axp-20211231.htm,"MD&A, Selected Statistical Information"
Proprietary basic cards in force,2021,million cards,54.7,3.80%,(54.7/52.7-1)*100,2022 Form 10-K,2023-02-10,https://www.sec.gov/Archives/edgar/data/4962/000000496223000006/axp-20221231.htm,"MD&A, Selected Statistical Information"
Proprietary basic cards in force,2022,million cards,59.1,8.04%,(59.1/54.7-1)*100,2022 Form 10-K,2023-02-10,https://www.sec.gov/Archives/edgar/data/4962/000000496223000006/axp-20221231.htm,"MD&A, Selected Statistical Information"
Proprietary basic cards in force,2023,million cards,61.7,4.40%,(61.7/59.1-1)*100,2025 Form 10-K,2026-02-06,https://www.sec.gov/Archives/edgar/data/4962/000000496226000080/axp-20251231.htm,"MD&A, Selected Statistical Information"
Proprietary basic cards in force,2024,million cards,64.3,4.21%,(64.3/61.7-1)*100,2025 Form 10-K,2026-02-06,https://www.sec.gov/Archives/edgar/data/4962/000000496226000080/axp-20251231.htm,"MD&A, Selected Statistical Information"
Proprietary basic cards in force,2025,million cards,66.7,3.73%,(66.7/64.3-1)*100,2025 Form 10-K,2026-02-06,https://www.sec.gov/Archives/edgar/data/4962/000000496226000080/axp-20251231.htm,"MD&A, Selected Statistical Information"
Average proprietary basic Card Member spending,2020,USD/card/year,16352,N/A,No comparable input,2021 Form 10-K,2022-02-11,https://www.sec.gov/Archives/edgar/data/4962/000000496222000008/axp-20211231.htm,"MD&A, Selected Statistical Information; company definition"
Average proprietary basic Card Member spending,2021,USD/card/year,20392,24.71%,(20392/16352-1)*100,2022 Form 10-K,2023-02-10,https://www.sec.gov/Archives/edgar/data/4962/000000496223000006/axp-20221231.htm,"MD&A, Selected Statistical Information; company definition"
Average proprietary basic Card Member spending,2022,USD/card/year,23496,15.22%,(23496/20392-1)*100,2022 Form 10-K,2023-02-10,https://www.sec.gov/Archives/edgar/data/4962/000000496223000006/axp-20221231.htm,"MD&A, Selected Statistical Information; company definition"
Average proprietary basic Card Member spending,2023,USD/card/year,24059,2.40%,(24059/23496-1)*100,2025 Form 10-K,2026-02-06,https://www.sec.gov/Archives/edgar/data/4962/000000496226000080/axp-20251231.htm,"MD&A, Selected Statistical Information; company definition"
Average proprietary basic Card Member spending,2024,USD/card/year,24608,2.28%,(24608/24059-1)*100,2025 Form 10-K,2026-02-06,https://www.sec.gov/Archives/edgar/data/4962/000000496226000080/axp-20251231.htm,"MD&A, Selected Statistical Information; company definition"
Average proprietary basic Card Member spending,2025,USD/card/year,25453,3.43%,(25453/24608-1)*100,2025 Form 10-K,2026-02-06,https://www.sec.gov/Archives/edgar/data/4962/000000496226000080/axp-20251231.htm,"MD&A, Selected Statistical Information; company definition"
Discount revenue,2020,USD m,19435,N/A,No comparable input,2022 Form 10-K,2023-02-10,https://www.sec.gov/Archives/edgar/data/4962/000000496223000006/axp-20221231.htm,"MD&A, Revenue / Consolidated Statements of Income; recast"
Discount revenue,2021,USD m,24563,26.39%,(24563/19435-1)*100,2022 Form 10-K,2023-02-10,https://www.sec.gov/Archives/edgar/data/4962/000000496223000006/axp-20221231.htm,"MD&A, Revenue / Consolidated Statements of Income; recast"
Discount revenue,2022,USD m,30739,25.14%,(30739/24563-1)*100,2022 Form 10-K,2023-02-10,https://www.sec.gov/Archives/edgar/data/4962/000000496223000006/axp-20221231.htm,"MD&A, Revenue / Consolidated Statements of Income; recast"
Discount revenue,2023,USD m,33416,8.71%,(33416/30739-1)*100,2025 Form 10-K,2026-02-06,https://www.sec.gov/Archives/edgar/data/4962/000000496226000080/axp-20251231.htm,"MD&A, Revenue / Consolidated Statements of Income; recast"
Discount revenue,2024,USD m,35192,5.31%,(35192/33416-1)*100,2025 Form 10-K,2026-02-06,https://www.sec.gov/Archives/edgar/data/4962/000000496226000080/axp-20251231.htm,"MD&A, Revenue / Consolidated Statements of Income; recast"
Discount revenue,2025,USD m,37401,6.28%,(37401/35192-1)*100,2025 Form 10-K,2026-02-06,https://www.sec.gov/Archives/edgar/data/4962/000000496226000080/axp-20251231.htm,"MD&A, Revenue / Consolidated Statements of Income; recast"
Average discount rate legacy,2020,%,2.28,N/A,No comparable input,2021 Form 10-K,2022-02-11,https://www.sec.gov/Archives/edgar/data/4962/000000496222000008/axp-20211231.htm,"MD&A, Selected Statistical Information; NOT discount revenue/billings"
Average discount rate legacy,2021,%,2.3,+0.02 pp,2.3 - 2.28 percentage points,2022 Form 10-K,2023-02-10,https://www.sec.gov/Archives/edgar/data/4962/000000496223000006/axp-20221231.htm,"MD&A, Selected Statistical Information; NOT discount revenue/billings"
Average discount rate legacy,2022,%,2.34,+0.04 pp,2.34 - 2.3 percentage points,2022 Form 10-K,2023-02-10,https://www.sec.gov/Archives/edgar/data/4962/000000496223000006/axp-20221231.htm,"MD&A, Selected Statistical Information; NOT discount revenue/billings"
Average discount rate legacy,2023,%,Data not found in the reviewed primary sources.,N/A,No comparable input,2025 Form 10-K,2026-02-06,https://www.sec.gov/Archives/edgar/data/4962/000000496226000080/axp-20251231.htm,"MD&A, Selected Statistical Information; NOT discount revenue/billings"
Average discount rate legacy,2024,%,Data not found in the reviewed primary sources.,N/A,No comparable input,2025 Form 10-K,2026-02-06,https://www.sec.gov/Archives/edgar/data/4962/000000496226000080/axp-20251231.htm,"MD&A, Selected Statistical Information; NOT discount revenue/billings"
Average discount rate legacy,2025,%,Data not found in the reviewed primary sources.,N/A,No comparable input,2025 Form 10-K,2026-02-06,https://www.sec.gov/Archives/edgar/data/4962/000000496226000080/axp-20251231.htm,"MD&A, Selected Statistical Information; NOT discount revenue/billings"
Discount revenue divided by billed business reported,2020,%,Data not found in the reviewed primary sources.,N/A,No comparable input,2021 Form 10-K,2022-02-11,https://www.sec.gov/Archives/edgar/data/4962/000000496222000008/axp-20211231.htm,"MD&A, Selected Statistical Information; rounded company metric"
Discount revenue divided by billed business reported,2021,%,Data not found in the reviewed primary sources.,N/A,No comparable input,2022 Form 10-K,2023-02-10,https://www.sec.gov/Archives/edgar/data/4962/000000496223000006/axp-20221231.htm,"MD&A, Selected Statistical Information; rounded company metric"
Discount revenue divided by billed business reported,2022,%,Data not found in the reviewed primary sources.,N/A,No comparable input,2022 Form 10-K,2023-02-10,https://www.sec.gov/Archives/edgar/data/4962/000000496223000006/axp-20221231.htm,"MD&A, Selected Statistical Information; rounded company metric"
Discount revenue divided by billed business reported,2023,%,2.29,N/A,No comparable input,2025 Form 10-K,2026-02-06,https://www.sec.gov/Archives/edgar/data/4962/000000496226000080/axp-20251231.htm,"MD&A, Selected Statistical Information; rounded company metric"
Discount revenue divided by billed business reported,2024,%,2.27,-0.02 pp,2.27 - 2.29 percentage points,2025 Form 10-K,2026-02-06,https://www.sec.gov/Archives/edgar/data/4962/000000496226000080/axp-20251231.htm,"MD&A, Selected Statistical Information; rounded company metric"
Discount revenue divided by billed business reported,2025,%,2.24,-0.03 pp,2.24 - 2.27 percentage points,2025 Form 10-K,2026-02-06,https://www.sec.gov/Archives/edgar/data/4962/000000496226000080/axp-20251231.htm,"MD&A, Selected Statistical Information; rounded company metric"
Net card fees,2020,USD m,4664,N/A,No comparable input,2021 Form 10-K,2022-02-11,https://www.sec.gov/Archives/edgar/data/4962/000000496222000008/axp-20211231.htm,Consolidated Statements of Income
Net card fees,2021,USD m,5195,11.39%,(5195/4664-1)*100,2022 Form 10-K,2023-02-10,https://www.sec.gov/Archives/edgar/data/4962/000000496223000006/axp-20221231.htm,Consolidated Statements of Income
Net card fees,2022,USD m,6070,16.84%,(6070/5195-1)*100,2022 Form 10-K,2023-02-10,https://www.sec.gov/Archives/edgar/data/4962/000000496223000006/axp-20221231.htm,Consolidated Statements of Income
Net card fees,2023,USD m,7255,19.52%,(7255/6070-1)*100,2025 Form 10-K,2026-02-06,https://www.sec.gov/Archives/edgar/data/4962/000000496226000080/axp-20251231.htm,Consolidated Statements of Income
Net card fees,2024,USD m,8449,16.46%,(8449/7255-1)*100,2025 Form 10-K,2026-02-06,https://www.sec.gov/Archives/edgar/data/4962/000000496226000080/axp-20251231.htm,Consolidated Statements of Income
Net card fees,2025,USD m,9993,18.27%,(9993/8449-1)*100,2025 Form 10-K,2026-02-06,https://www.sec.gov/Archives/edgar/data/4962/000000496226000080/axp-20251231.htm,Consolidated Statements of Income
Net interest yield legacy adjusted loan-only,2020,%,11.5,N/A,No comparable input,2021 Form 10-K,2022-02-11,https://www.sec.gov/Archives/edgar/data/4962/000000496222000008/axp-20211231.htm,"MD&A, Selected Statistical Information; NON-GAAP old definition"
Net interest yield legacy adjusted loan-only,2021,%,10.7,-0.80 pp,10.7 - 11.5 percentage points,2022 Form 10-K,2023-02-10,https://www.sec.gov/Archives/edgar/data/4962/000000496223000006/axp-20221231.htm,"MD&A, Selected Statistical Information; NON-GAAP old definition"
Net interest yield legacy adjusted loan-only,2022,%,10.6,-0.10 pp,10.6 - 10.7 percentage points,2022 Form 10-K,2023-02-10,https://www.sec.gov/Archives/edgar/data/4962/000000496223000006/axp-20221231.htm,"MD&A, Selected Statistical Information; NON-GAAP old definition"
Net interest yield legacy adjusted loan-only,2023,%,Data not found in the reviewed primary sources.,N/A,No comparable input,2025 Form 10-K,2026-02-06,https://www.sec.gov/Archives/edgar/data/4962/000000496226000080/axp-20251231.htm,"MD&A, Selected Statistical Information; NON-GAAP old definition"
Net interest yield legacy adjusted loan-only,2024,%,Data not found in the reviewed primary sources.,N/A,No comparable input,2025 Form 10-K,2026-02-06,https://www.sec.gov/Archives/edgar/data/4962/000000496226000080/axp-20251231.htm,"MD&A, Selected Statistical Information; NON-GAAP old definition"
Net interest yield legacy adjusted loan-only,2025,%,Data not found in the reviewed primary sources.,N/A,No comparable input,2025 Form 10-K,2026-02-06,https://www.sec.gov/Archives/edgar/data/4962/000000496226000080/axp-20251231.htm,"MD&A, Selected Statistical Information; NON-GAAP old definition"
Net interest yield GAAP all loans and receivables,2020,%,Data not found in the reviewed primary sources.,N/A,No comparable input,2021 Form 10-K,2022-02-11,https://www.sec.gov/Archives/edgar/data/4962/000000496222000008/axp-20211231.htm,K25 MD&A Table 1; recast 2023-2025
Net interest yield GAAP all loans and receivables,2021,%,Data not found in the reviewed primary sources.,N/A,No comparable input,2022 Form 10-K,2023-02-10,https://www.sec.gov/Archives/edgar/data/4962/000000496223000006/axp-20221231.htm,K25 MD&A Table 1; recast 2023-2025
Net interest yield GAAP all loans and receivables,2022,%,Data not found in the reviewed primary sources.,N/A,No comparable input,2022 Form 10-K,2023-02-10,https://www.sec.gov/Archives/edgar/data/4962/000000496223000006/axp-20221231.htm,K25 MD&A Table 1; recast 2023-2025
Net interest yield GAAP all loans and receivables,2023,%,7.3,N/A,No comparable input,2025 Form 10-K,2026-02-06,https://www.sec.gov/Archives/edgar/data/4962/000000496226000080/axp-20251231.htm,K25 MD&A Table 1; recast 2023-2025
Net interest yield GAAP all loans and receivables,2024,%,7.9,+0.60 pp,7.9 - 7.3 percentage points,2025 Form 10-K,2026-02-06,https://www.sec.gov/Archives/edgar/data/4962/000000496226000080/axp-20251231.htm,K25 MD&A Table 1; recast 2023-2025
Net interest yield GAAP all loans and receivables,2025,%,8.1,+0.20 pp,8.1 - 7.9 percentage points,2025 Form 10-K,2026-02-06,https://www.sec.gov/Archives/edgar/data/4962/000000496226000080/axp-20251231.htm,K25 MD&A Table 1; recast 2023-2025
Card Member rewards expense,2020,USD m,8041,N/A,No comparable input,2021 Form 10-K,2022-02-11,https://www.sec.gov/Archives/edgar/data/4962/000000496222000008/axp-20211231.htm,Consolidated Statements of Income / Expenses summary
Card Member rewards expense,2021,USD m,11007,36.89%,(11007/8041-1)*100,2022 Form 10-K,2023-02-10,https://www.sec.gov/Archives/edgar/data/4962/000000496223000006/axp-20221231.htm,Consolidated Statements of Income / Expenses summary
Card Member rewards expense,2022,USD m,14002,27.21%,(14002/11007-1)*100,2022 Form 10-K,2023-02-10,https://www.sec.gov/Archives/edgar/data/4962/000000496223000006/axp-20221231.htm,Consolidated Statements of Income / Expenses summary
Card Member rewards expense,2023,USD m,15367,9.75%,(15367/14002-1)*100,2025 Form 10-K,2026-02-06,https://www.sec.gov/Archives/edgar/data/4962/000000496226000080/axp-20251231.htm,Consolidated Statements of Income / Expenses summary
Card Member rewards expense,2024,USD m,16599,8.02%,(16599/15367-1)*100,2025 Form 10-K,2026-02-06,https://www.sec.gov/Archives/edgar/data/4962/000000496226000080/axp-20251231.htm,Consolidated Statements of Income / Expenses summary
Card Member rewards expense,2025,USD m,18409,10.90%,(18409/16599-1)*100,2025 Form 10-K,2026-02-06,https://www.sec.gov/Archives/edgar/data/4962/000000496226000080/axp-20251231.htm,Consolidated Statements of Income / Expenses summary
Business development expense,2020,USD m,3051,N/A,No comparable input,2022 Form 10-K,2023-02-10,https://www.sec.gov/Archives/edgar/data/4962/000000496223000006/axp-20221231.htm,Consolidated Statements of Income / Expenses summary
Business development expense,2021,USD m,3762,23.30%,(3762/3051-1)*100,2022 Form 10-K,2023-02-10,https://www.sec.gov/Archives/edgar/data/4962/000000496223000006/axp-20221231.htm,Consolidated Statements of Income / Expenses summary
Business development expense,2022,USD m,4943,31.39%,(4943/3762-1)*100,2022 Form 10-K,2023-02-10,https://www.sec.gov/Archives/edgar/data/4962/000000496223000006/axp-20221231.htm,Consolidated Statements of Income / Expenses summary
Business development expense,2023,USD m,5657,14.44%,(5657/4943-1)*100,2025 Form 10-K,2026-02-06,https://www.sec.gov/Archives/edgar/data/4962/000000496226000080/axp-20251231.htm,Consolidated Statements of Income / Expenses summary
Business development expense,2024,USD m,5886,4.05%,(5886/5657-1)*100,2025 Form 10-K,2026-02-06,https://www.sec.gov/Archives/edgar/data/4962/000000496226000080/axp-20251231.htm,Consolidated Statements of Income / Expenses summary
Business development expense,2025,USD m,6457,9.70%,(6457/5886-1)*100,2025 Form 10-K,2026-02-06,https://www.sec.gov/Archives/edgar/data/4962/000000496226000080/axp-20251231.htm,Consolidated Statements of Income / Expenses summary
Card Member services expense,2020,USD m,1230,N/A,No comparable input,2021 Form 10-K,2022-02-11,https://www.sec.gov/Archives/edgar/data/4962/000000496222000008/axp-20211231.htm,Consolidated Statements of Income / Expenses summary
Card Member services expense,2021,USD m,1993,62.03%,(1993/1230-1)*100,2022 Form 10-K,2023-02-10,https://www.sec.gov/Archives/edgar/data/4962/000000496223000006/axp-20221231.htm,Consolidated Statements of Income / Expenses summary
Card Member services expense,2022,USD m,2959,48.47%,(2959/1993-1)*100,2022 Form 10-K,2023-02-10,https://www.sec.gov/Archives/edgar/data/4962/000000496223000006/axp-20221231.htm,Consolidated Statements of Income / Expenses summary
Card Member services expense,2023,USD m,3968,34.10%,(3968/2959-1)*100,2025 Form 10-K,2026-02-06,https://www.sec.gov/Archives/edgar/data/4962/000000496226000080/axp-20251231.htm,Consolidated Statements of Income / Expenses summary
Card Member services expense,2024,USD m,4782,20.51%,(4782/3968-1)*100,2025 Form 10-K,2026-02-06,https://www.sec.gov/Archives/edgar/data/4962/000000496226000080/axp-20251231.htm,Consolidated Statements of Income / Expenses summary
Card Member services expense,2025,USD m,6057,26.66%,(6057/4782-1)*100,2025 Form 10-K,2026-02-06,https://www.sec.gov/Archives/edgar/data/4962/000000496226000080/axp-20251231.htm,Consolidated Statements of Income / Expenses summary
Marketing expense,2020,USD m,3696,N/A,No comparable input,2022 Form 10-K,2023-02-10,https://www.sec.gov/Archives/edgar/data/4962/000000496223000006/axp-20221231.htm,Consolidated Statements of Income / Expenses summary; recast
Marketing expense,2021,USD m,5291,43.15%,(5291/3696-1)*100,2022 Form 10-K,2023-02-10,https://www.sec.gov/Archives/edgar/data/4962/000000496223000006/axp-20221231.htm,Consolidated Statements of Income / Expenses summary; recast
Marketing expense,2022,USD m,5458,3.16%,(5458/5291-1)*100,2022 Form 10-K,2023-02-10,https://www.sec.gov/Archives/edgar/data/4962/000000496223000006/axp-20221231.htm,Consolidated Statements of Income / Expenses summary; recast
Marketing expense,2023,USD m,5213,-4.49%,(5213/5458-1)*100,2025 Form 10-K,2026-02-06,https://www.sec.gov/Archives/edgar/data/4962/000000496226000080/axp-20251231.htm,Consolidated Statements of Income / Expenses summary; recast
Marketing expense,2024,USD m,6040,15.86%,(6040/5213-1)*100,2025 Form 10-K,2026-02-06,https://www.sec.gov/Archives/edgar/data/4962/000000496226000080/axp-20251231.htm,Consolidated Statements of Income / Expenses summary; recast
Marketing expense,2025,USD m,6252,3.51%,(6252/6040-1)*100,2025 Form 10-K,2026-02-06,https://www.sec.gov/Archives/edgar/data/4962/000000496226000080/axp-20251231.htm,Consolidated Statements of Income / Expenses summary; recast
Card loan reserve,2020,USD m,5344,N/A,No comparable input,2021 Form 10-K,2022-02-11,https://www.sec.gov/Archives/edgar/data/4962/000000496222000008/axp-20211231.htm,"MD&A, Selected Statistical Information / Credit Reserves note"
Card loan reserve,2021,USD m,3305,-38.15%,(3305/5344-1)*100,2022 Form 10-K,2023-02-10,https://www.sec.gov/Archives/edgar/data/4962/000000496223000006/axp-20221231.htm,"MD&A, Selected Statistical Information / Credit Reserves note"
Card loan reserve,2022,USD m,3747,13.37%,(3747/3305-1)*100,2022 Form 10-K,2023-02-10,https://www.sec.gov/Archives/edgar/data/4962/000000496223000006/axp-20221231.htm,"MD&A, Selected Statistical Information / Credit Reserves note"
Card loan reserve,2023,USD m,5118,36.59%,(5118/3747-1)*100,2025 Form 10-K,2026-02-06,https://www.sec.gov/Archives/edgar/data/4962/000000496226000080/axp-20251231.htm,"MD&A, Selected Statistical Information / Credit Reserves note"
Card loan reserve,2024,USD m,5679,10.96%,(5679/5118-1)*100,2025 Form 10-K,2026-02-06,https://www.sec.gov/Archives/edgar/data/4962/000000496226000080/axp-20251231.htm,"MD&A, Selected Statistical Information / Credit Reserves note"
Card loan reserve,2025,USD m,5909,4.05%,(5909/5679-1)*100,2025 Form 10-K,2026-02-06,https://www.sec.gov/Archives/edgar/data/4962/000000496226000080/axp-20251231.htm,"MD&A, Selected Statistical Information / Credit Reserves note"
Card loan reserve coverage,2020,%,7.3,N/A,No comparable input,2021 Form 10-K,2022-02-11,https://www.sec.gov/Archives/edgar/data/4962/000000496222000008/axp-20211231.htm,"MD&A, Selected Statistical Information"
Card loan reserve coverage,2021,%,3.7,-3.60 pp,3.7 - 7.3 percentage points,2022 Form 10-K,2023-02-10,https://www.sec.gov/Archives/edgar/data/4962/000000496223000006/axp-20221231.htm,"MD&A, Selected Statistical Information"
Card loan reserve coverage,2022,%,3.5,-0.20 pp,3.5 - 3.7 percentage points,2022 Form 10-K,2023-02-10,https://www.sec.gov/Archives/edgar/data/4962/000000496223000006/axp-20221231.htm,"MD&A, Selected Statistical Information"
Card loan reserve coverage,2023,%,4.1,+0.60 pp,4.1 - 3.5 percentage points,2025 Form 10-K,2026-02-06,https://www.sec.gov/Archives/edgar/data/4962/000000496226000080/axp-20251231.htm,"MD&A, Selected Statistical Information"
Card loan reserve coverage,2024,%,4.1,+0.00 pp,4.1 - 4.1 percentage points,2025 Form 10-K,2026-02-06,https://www.sec.gov/Archives/edgar/data/4962/000000496226000080/axp-20251231.htm,"MD&A, Selected Statistical Information"
Card loan reserve coverage,2025,%,3.9,-0.20 pp,3.9 - 4.1 percentage points,2025 Form 10-K,2026-02-06,https://www.sec.gov/Archives/edgar/data/4962/000000496226000080/axp-20251231.htm,"MD&A, Selected Statistical Information"
Card loan net write-off principal-only,2020,% annual rate,2.4,N/A,No comparable input,2021 Form 10-K,2022-02-11,https://www.sec.gov/Archives/edgar/data/4962/000000496222000008/axp-20211231.htm,"MD&A, Selected Statistical Information"
Card loan net write-off principal-only,2021,% annual rate,0.9,-1.50 pp,0.9 - 2.4 percentage points,2022 Form 10-K,2023-02-10,https://www.sec.gov/Archives/edgar/data/4962/000000496223000006/axp-20221231.htm,"MD&A, Selected Statistical Information"
Card loan net write-off principal-only,2022,% annual rate,0.9,+0.00 pp,0.9 - 0.9 percentage points,2022 Form 10-K,2023-02-10,https://www.sec.gov/Archives/edgar/data/4962/000000496223000006/axp-20221231.htm,"MD&A, Selected Statistical Information"
Card loan net write-off principal-only,2023,% annual rate,1.8,+0.90 pp,1.8 - 0.9 percentage points,2025 Form 10-K,2026-02-06,https://www.sec.gov/Archives/edgar/data/4962/000000496226000080/axp-20251231.htm,"MD&A, Selected Statistical Information"
Card loan net write-off principal-only,2024,% annual rate,2.2,+0.40 pp,2.2 - 1.8 percentage points,2025 Form 10-K,2026-02-06,https://www.sec.gov/Archives/edgar/data/4962/000000496226000080/axp-20251231.htm,"MD&A, Selected Statistical Information"
Card loan net write-off principal-only,2025,% annual rate,2.2,+0.00 pp,2.2 - 2.2 percentage points,2025 Form 10-K,2026-02-06,https://www.sec.gov/Archives/edgar/data/4962/000000496226000080/axp-20251231.htm,"MD&A, Selected Statistical Information"
Card loan net write-off incl interest and fees,2020,% annual rate,2.9,N/A,No comparable input,2021 Form 10-K,2022-02-11,https://www.sec.gov/Archives/edgar/data/4962/000000496222000008/axp-20211231.htm,"MD&A, Selected Statistical Information"
Card loan net write-off incl interest and fees,2021,% annual rate,1.2,-1.70 pp,1.2 - 2.9 percentage points,2022 Form 10-K,2023-02-10,https://www.sec.gov/Archives/edgar/data/4962/000000496223000006/axp-20221231.htm,"MD&A, Selected Statistical Information"
Card loan net write-off incl interest and fees,2022,% annual rate,1.1,-0.10 pp,1.1 - 1.2 percentage points,2022 Form 10-K,2023-02-10,https://www.sec.gov/Archives/edgar/data/4962/000000496223000006/axp-20221231.htm,"MD&A, Selected Statistical Information"
Card loan net write-off incl interest and fees,2023,% annual rate,2.2,+1.10 pp,2.2 - 1.1 percentage points,2025 Form 10-K,2026-02-06,https://www.sec.gov/Archives/edgar/data/4962/000000496226000080/axp-20251231.htm,"MD&A, Selected Statistical Information"
Card loan net write-off incl interest and fees,2024,% annual rate,2.7,+0.50 pp,2.7 - 2.2 percentage points,2025 Form 10-K,2026-02-06,https://www.sec.gov/Archives/edgar/data/4962/000000496226000080/axp-20251231.htm,"MD&A, Selected Statistical Information"
Card loan net write-off incl interest and fees,2025,% annual rate,2.7,+0.00 pp,2.7 - 2.7 percentage points,2025 Form 10-K,2026-02-06,https://www.sec.gov/Archives/edgar/data/4962/000000496226000080/axp-20251231.htm,"MD&A, Selected Statistical Information"
Card loan 30-plus-day delinquency,2020,% EOY,1.0,N/A,No comparable input,2021 Form 10-K,2022-02-11,https://www.sec.gov/Archives/edgar/data/4962/000000496222000008/axp-20211231.htm,"MD&A, Selected Statistical Information"
Card loan 30-plus-day delinquency,2021,% EOY,0.7,-0.30 pp,0.7 - 1.0 percentage points,2022 Form 10-K,2023-02-10,https://www.sec.gov/Archives/edgar/data/4962/000000496223000006/axp-20221231.htm,"MD&A, Selected Statistical Information"
Card loan 30-plus-day delinquency,2022,% EOY,1.0,+0.30 pp,1.0 - 0.7 percentage points,2022 Form 10-K,2023-02-10,https://www.sec.gov/Archives/edgar/data/4962/000000496223000006/axp-20221231.htm,"MD&A, Selected Statistical Information"
Card loan 30-plus-day delinquency,2023,% EOY,1.4,+0.40 pp,1.4 - 1.0 percentage points,2025 Form 10-K,2026-02-06,https://www.sec.gov/Archives/edgar/data/4962/000000496226000080/axp-20251231.htm,"MD&A, Selected Statistical Information"
Card loan 30-plus-day delinquency,2024,% EOY,1.4,+0.00 pp,1.4 - 1.4 percentage points,2025 Form 10-K,2026-02-06,https://www.sec.gov/Archives/edgar/data/4962/000000496226000080/axp-20251231.htm,"MD&A, Selected Statistical Information"
Card loan 30-plus-day delinquency,2025,% EOY,1.4,+0.00 pp,1.4 - 1.4 percentage points,2025 Form 10-K,2026-02-06,https://www.sec.gov/Archives/edgar/data/4962/000000496226000080/axp-20251231.htm,"MD&A, Selected Statistical Information"
Card receivable reserve,2020,USD m,267,N/A,No comparable input,2021 Form 10-K,2022-02-11,https://www.sec.gov/Archives/edgar/data/4962/000000496222000008/axp-20211231.htm,"MD&A, Selected Statistical Information / Credit Reserves note"
Card receivable reserve,2021,USD m,64,-76.03%,(64/267-1)*100,2022 Form 10-K,2023-02-10,https://www.sec.gov/Archives/edgar/data/4962/000000496223000006/axp-20221231.htm,"MD&A, Selected Statistical Information / Credit Reserves note"
Card receivable reserve,2022,USD m,229,257.81%,(229/64-1)*100,2022 Form 10-K,2023-02-10,https://www.sec.gov/Archives/edgar/data/4962/000000496223000006/axp-20221231.htm,"MD&A, Selected Statistical Information / Credit Reserves note"
Card receivable reserve,2023,USD m,174,-24.02%,(174/229-1)*100,2025 Form 10-K,2026-02-06,https://www.sec.gov/Archives/edgar/data/4962/000000496226000080/axp-20251231.htm,"MD&A, Selected Statistical Information / Credit Reserves note"
Card receivable reserve,2024,USD m,171,-1.72%,(171/174-1)*100,2025 Form 10-K,2026-02-06,https://www.sec.gov/Archives/edgar/data/4962/000000496226000080/axp-20251231.htm,"MD&A, Selected Statistical Information / Credit Reserves note"
Card receivable reserve,2025,USD m,180,5.26%,(180/171-1)*100,2025 Form 10-K,2026-02-06,https://www.sec.gov/Archives/edgar/data/4962/000000496226000080/axp-20251231.htm,"MD&A, Selected Statistical Information / Credit Reserves note"
Card receivable net write-off incl fees,2020,% annual rate,2.0,N/A,No comparable input,2021 Form 10-K,2022-02-11,https://www.sec.gov/Archives/edgar/data/4962/000000496222000008/axp-20211231.htm,"MD&A, Selected Statistical Information"
Card receivable net write-off incl fees,2021,% annual rate,0.3,-1.70 pp,0.3 - 2.0 percentage points,2022 Form 10-K,2023-02-10,https://www.sec.gov/Archives/edgar/data/4962/000000496223000006/axp-20221231.htm,"MD&A, Selected Statistical Information"
Card receivable net write-off incl fees,2022,% annual rate,0.8,+0.50 pp,0.8 - 0.3 percentage points,2022 Form 10-K,2023-02-10,https://www.sec.gov/Archives/edgar/data/4962/000000496223000006/axp-20221231.htm,"MD&A, Selected Statistical Information"
Card receivable net write-off incl fees,2023,% annual rate,1.6,+0.80 pp,1.6 - 0.8 percentage points,2025 Form 10-K,2026-02-06,https://www.sec.gov/Archives/edgar/data/4962/000000496226000080/axp-20251231.htm,"MD&A, Selected Statistical Information"
Card receivable net write-off incl fees,2024,% annual rate,1.3,-0.30 pp,1.3 - 1.6 percentage points,2025 Form 10-K,2026-02-06,https://www.sec.gov/Archives/edgar/data/4962/000000496226000080/axp-20251231.htm,"MD&A, Selected Statistical Information"
Card receivable net write-off incl fees,2025,% annual rate,1.2,-0.10 pp,1.2 - 1.3 percentage points,2025 Form 10-K,2026-02-06,https://www.sec.gov/Archives/edgar/data/4962/000000496226000080/axp-20251231.htm,"MD&A, Selected Statistical Information"
New proprietary cards acquired,2020,million cards,Data not found in the reviewed primary sources.,N/A,No comparable input,2021 Form 10-K,2022-02-11,https://www.sec.gov/Archives/edgar/data/4962/000000496222000008/axp-20211231.htm,Selected Statistical Information / annual earnings releases
New proprietary cards acquired,2021,million cards,Data not found in the reviewed primary sources.,N/A,No comparable input,2022 Form 10-K,2023-02-10,https://www.sec.gov/Archives/edgar/data/4962/000000496223000006/axp-20221231.htm,Selected Statistical Information / annual earnings releases
New proprietary cards acquired,2022,million cards,12.5,N/A,No comparable input,2022 Form 10-K,2023-02-10,https://www.sec.gov/Archives/edgar/data/4962/000000496223000006/axp-20221231.htm,Selected Statistical Information / annual earnings releases
New proprietary cards acquired,2023,million cards,12.2,-2.40%,(12.2/12.5-1)*100,2025 Form 10-K,2026-02-06,https://www.sec.gov/Archives/edgar/data/4962/000000496226000080/axp-20251231.htm,Selected Statistical Information / annual earnings releases
New proprietary cards acquired,2024,million cards,13.0,6.56%,(13.0/12.2-1)*100,2025 Form 10-K,2026-02-06,https://www.sec.gov/Archives/edgar/data/4962/000000496226000080/axp-20251231.htm,Selected Statistical Information / annual earnings releases
New proprietary cards acquired,2025,million cards,12.5,-3.85%,(12.5/13.0-1)*100,2025 Form 10-K,2026-02-06,https://www.sec.gov/Archives/edgar/data/4962/000000496226000080/axp-20251231.htm,Selected Statistical Information / annual earnings releases
